{"fbx_type":"Null","position":[-0.104849,0,3.664303],"quaternion":[-0.7071067811865475,0,0,0.7071067811865476],"scale":[0.0254,0.0254,0.0254],"visible":true}